Argentina,CA San Lorenzo vs Velez Sarsfield,1X,1.29,23:00,N/A,2025-08-07,AR,N/A,cvilvjwk26681432,safertip_dc
Colombia,Jaguares de Cordoba vs Independiente Medellin,X2,1.27,23:00,N/A,2025-08-07,CO,N/A,gnjggipp36703242,safertip_dc
Colombia,Atletico Huila vs CD Junior FC,X2,1.19,01:30,N/A,2025-08-07,CO,N/A,ztrpuvem3525777,safertip_dc
United States,Monterey Bay FC vs FC Tusla,X2,1.30,03:00,N/A,2025-08-07,US,N/A,jmozgjtw290822702,safertip_dc
CHAN,DR Congo vs Zambia,1X,1.33,14:00,N/A,2025-08-07,,N/A,ktkvvsfy294989626,safertip_dc
UEL Q,Fredrikstad FK vs FC Midtjylland,X2,1.26,17:00,N/A,2025-08-07,,N/A,saltcenk282410320,safertip_dc
UEL Q,Lincoln Red Imps vs FC Noah,X2,1.21,17:00,N/A,2025-08-07,,N/A,djrhppmy250919815,safertip_dc
ECL Q,Aris Limassol vs AEK Athens,X2,1.30,17:00,N/A,2025-08-07,,N/A,pxfuenvc269116292,safertip_dc
ECL Q,Araz PFK vs Omonia Nicosia,X2,1.31,17:00,N/A,2025-08-07,,N/A,pkpdbwlf106475381,safertip_dc
