UCL,Dinamo Zagreb vs Celtic FC,BTTS,1.59,18:45,N/A,2024-12-10,,N/A,ibtqblsg214236327,safertip_btts
EFL Trophy,Chesterfield FC vs Wigan Athletic,BTTS,1.53,20:00,N/A,2024-12-10,,N/A,fbfrwnjv135419557,safertip_btts
EFL Trophy,Walsall FC vs Reading FC,BTTS,1.58,20:00,N/A,2024-12-10,,N/A,ejbteplh201256086,safertip_btts
ENG CH,Portsmouth vs Norwich City,BTTS,1.57,20:45,N/A,2024-12-10,,N/A,buxxrgzb48941772,safertip_btts
ENG NL,AFC Fylde vs Ebbsfleet United,BTTS,1.55,20:45,N/A,2024-12-10,,N/A,lgmyhwgt259771120,safertip_btts
ENG NL,Solihul Moors vs Aldershot Town,BTTS,1.51,20:45,N/A,2024-12-10,,N/A,gobjixhe163343060,safertip_btts
ENG NL,Wealdstone FC vs Altrincham,BTTS,1.64,20:45,N/A,2024-12-10,,N/A,lllmoujm154649830,safertip_btts
EFL Trophy,Colchester United vs AFC Wimbledon,BTTS,1.59,20:45,N/A,2024-12-10,,N/A,ecmpqpzt244253420,safertip_btts
